{
  "chosen_model": "lightgbm_solo",
  "lgb_solo": {
    "rmse": 14.599986284245546,
    "mae": 5.1517622136088494,
    "r2": 0.8709038684171521
  },
  "stacked_ensemble": {
    "rmse": 14.777982394973405,
    "mae": 5.137803874031097,
    "r2": 0.8677369227725581
  }
}